Price,Close,High,Low,Open,Volume,STOCH_K,STOCH_D,CCI,WILLIAMS_R,MFI,ROC
Ticker,SAM,SAM,SAM,SAM,SAM,,,,,,
Date,,,,,,,,,,,
2024-01-02,339.4100036621094,345.54998779296875,337.6400146484375,344.8299865722656,137600,,,,,,
2024-01-03,331.04998779296875,338.1099853515625,330.0400085449219,336.9700012207031,176700,,,,,,
2024-01-04,329.45001220703125,330.67999267578125,326.70001220703125,329.79998779296875,159100,,,,,,
2024-01-05,327.25,332.67999267578125,325.3299865722656,330.7900085449219,281400,,,,,,
2024-01-08,337.4100036621094,337.9200134277344,325.6099853515625,328.6300048828125,162500,,,,,,
2024-01-09,337.42999267578125,339.2699890136719,333.92999267578125,334.19000244140625,150400,,,,,,
2024-01-10,350.1199951171875,350.44000244140625,338.1300048828125,338.1300048828125,139700,,,,,,
2024-01-11,347.69000244140625,352.7900085449219,346.70001220703125,349.17999267578125,118100,,,,,,
2024-01-12,351.9100036621094,354.69000244140625,349.2099914550781,349.2099914550781,107600,,,,,,
2024-01-16,358.8299865722656,359.1000061035156,353.29998779296875,355.44000244140625,146000,,,,,,
2024-01-17,358.4100036621094,358.6300048828125,351.239990234375,356.54998779296875,138300,,,,,,5.597949322352602
2024-01-18,360.1199951171875,361.3299865722656,356.1000061035156,356.6400146484375,90800,,,,,,8.781153419766463
2024-01-19,357.5899963378906,360.3999938964844,355.0899963378906,360.3999938964844,77800,,,,,,8.541503441552711
2024-01-22,358.6099853515625,362.2300109863281,356.20001220703125,356.20001220703125,79500,,,,-9.810361083083844,,9.582883224312443
2024-01-23,365.9100036621094,366.7900085449219,360.20001220703125,361.3399963378906,86800,,,,-2.1225383898563335,57.33908842448678,8.446696805273323
2024-01-24,357.2900085449219,368.79998779296875,356.2200012207031,367.0,87700,,,,-26.477982343752743,59.81305893831087,5.885670005695998
2024-01-25,356.6099853515625,360.32000732421875,356.3800048828125,359.5799865722656,101500,,,,-28.04233287115854,61.3719932660938,1.853647413711057
2024-01-26,359.3999938964844,361.6000061035156,356.7200012207031,360.0,76200,74.57180095203363,80.96240749273782,,-21.76428192898781,73.6146003380925,3.3679402263087965
2024-01-29,361.9700012207031,363.1499938964844,358.7200012207031,362.2799987792969,86800,76.86879446565983,77.5198814053681,,-19.587001802874095,72.46970514699453,2.858684735843142
2024-01-30,357.6199951171875,362.2699890136719,357.5199890136719,361.9700012207031,113300,74.06538677749356,75.16866073172902,58.866639031314925,-36.45255593565732,64.06516544405719,-0.33720466526128146
2024-01-31,349.2699890136719,358.57000732421875,347.8500061035156,357.2799987792969,109000,51.86310314555664,67.59909479623668,8.961288996411145,-88.37113282479852,55.78706492990014,-2.5501561214943735
2024-02-01,356.739990234375,357.79998779296875,349.8999938964844,350.7200012207031,103600,39.20354670724189,55.04401221009738,24.13958297567578,-57.56567111781835,55.39405886675125,-0.9385773988230262
2024-02-02,357.07000732421875,359.1600036621094,354.5199890136719,356.79998779296875,72700,32.6909289628029,41.25252627186716,34.95581094923935,-55.9904091689743,54.30984394275983,-0.14541486590707864
2024-02-05,356.489990234375,357.489990234375,350.2799987792969,355.0799865722656,84900,42.56164337666004,38.152039682234964,4.341676167091809,-58.75898958322711,45.73253535723247,-0.5911701301649974
2024-02-06,353.04998779296875,358.1400146484375,353.0299987792969,357.94000244140625,115300,36.690512642348686,37.3143616606039,-10.785673911200938,-75.1790633207524,46.562183748741994,-3.5145297314735036
2024-02-07,352.5400085449219,355.5299987792969,351.42999267578125,354.4200134277344,69400,29.482871053529834,36.245009024179545,-61.262172917129774,-77.61333393543086,40.181011314186165,-1.3294522338714643
2024-02-08,351.80999755859375,356.07000732421875,351.1099853515625,352.45001220703125,84500,22.03657548287976,29.40331972625278,-80.24079177046987,-81.09787629517734,40.004015698373145,-1.3460048765142396
2024-02-09,350.2699890136719,353.6000061035156,349.5899963378906,351.1400146484375,78000,17.61334364668136,23.04426339436367,-128.67818282285444,-88.44875882934758,33.80253341257617,-2.5403464212195193
2024-02-12,356.3999938964844,361.5400085449219,350.9700012207031,351.30999755859375,105800,23.754932708317213,21.13495061262613,-15.490640099887568,-59.188566750523314,34.6789905342912,-1.5388035763832741
2024-02-13,356.0,356.1499938964844,346.44000244140625,348.3599853515625,115300,36.52464660453867,25.964307653179105,-90.60169065341495,-42.78873460651298,34.00860710741084,-0.4529934397702329
2024-02-14,355.29998779296875,358.760009765625,350.69000244140625,357.5199890136719,84900,50.34826017454058,36.87594649579884,-39.94603802232054,-46.97791811934187,40.98957909803887,1.7264577458617092
2024-02-15,356.1000061035156,358.9700012207031,354.92999267578125,355.75,68300,56.01436451509409,47.62909043139113,3.5558544329467847,-42.19025372886278,40.60189819267821,-0.17939792240250219
2024-02-16,351.9200134277344,355.9200134277344,351.6099853515625,353.9800109863281,79100,48.4832470649794,51.61529058487137,-73.57357373450486,-65.38208695685701,34.01990192996778,-1.4422924891051347
2024-02-20,347.3800048828125,355.8900146484375,346.07000732421875,351.2799987792969,111300,33.631881816728956,46.04316446560083,-134.87564966314747,-91.53201386409322,34.15189100851296,-2.555467362652486
2024-02-21,347.8299865722656,348.7300109863281,343.3399963378906,346.5799865722656,112700,22.585386215120423,34.90017169894295,-194.44772568718744,-75.32974053368837,34.09859941745431,-1.4785445124456897
2024-02-22,350.4599914550781,353.0299987792969,346.0899963378906,349.30999755859375,95200,24.08635721849774,26.76787508344906,-107.69093786448074,-60.87917394672507,33.59396972073481,-0.5900088045123875
2024-02-23,354.42999267578125,356.3999938964844,348.010009765625,348.010009765625,110000,41.575030154253355,29.415591195957195,-29.79873483835208,-39.065995056826374,35.43803513783324,0.7447187787070098
2024-02-26,359.5299987792969,364.2099914550781,352.6700134277344,352.6700134277344,151900,59.21010934073008,41.62383223782708,115.42231732945258,-22.42450297425819,44.83450771394201,2.6436777503263453
2024-02-27,370.05999755859375,371.6499938964844,357.8299865722656,358.2699890136719,219000,77.63104148403472,59.47206032633941,273.1961294939372,-5.616377516811079,56.70661789341952,3.8327732592714048
2024-02-28,311.739990234375,327.07000732421875,300.1600036621094,326.3599853515625,896600,62.719057533007515,66.5200694525908,-518.8264440689273,-83.80194690990804,38.17105316885883,-12.43258701281601
2024-02-29,308.1400146484375,319.2300109863281,305.05999755859375,313.989990234375,329300,40.58136426714521,60.31048776139585,-326.4139110114538,-88.8375827718451,34.93741646739005,-13.273283074811449
2024-03-01,304.4800109863281,308.7699890136719,303.4800109863281,308.45001220703125,172100,11.13442819268518,38.14494999761266,-244.9756093601576,-93.95718574019118,33.938387139176456,-14.495926490431444
2024-03-04,299.6400146484375,307.45001220703125,299.6199951171875,303.510009765625,163600,5.744341604132276,19.15337802132092,-192.23387451584264,-99.97220667556674,29.270593531380612,-14.855648097442575
2024-03-05,297.04998779296875,302.30999755859375,296.260009765625,300.8999938964844,152600,2.372820998094086,6.41719693163721,-161.0752801225272,-98.95214458995967,29.111768027959084,-14.488461161379284
2024-03-06,295.5299987792969,301.69000244140625,294.70001220703125,297.4200134277344,127900,0.7180846744385777,2.9450824255550088,-134.46808992526752,-98.92139471115769,25.531421102843705,-15.036077915065793
2024-03-07,298.6700134277344,300.239990234375,294.8500061035156,296.5,141100,2.4285525982977667,1.8398194236101721,-111.81905379829443,-94.84080290398917,26.956840998611742,-14.777714800572939
2024-03-08,298.80999755859375,301.489990234375,297.3800048828125,299.69000244140625,108900,3.8596384079245554,2.3354252268869953,-93.80419412559544,-94.6588871610793,30.33270806855398,-15.692801474638884
2024-03-11,301.67999267578125,304.9200134277344,298.1000061035156,300.1600036621094,132100,6.523703974266032,4.270631660162813,-77.58257240335536,-90.92919801213327,34.59117839712582,-16.090453174959606
2024-03-12,297.6199951171875,302.0,296.6700134277344,301.0,119700,6.068855128520826,5.4840658369038335,-76.28346926095841,-96.2053494412248,34.71462407394182,-19.575204809846113
2024-03-13,298.3500061035156,300.2799987792969,297.5,298.3299865722656,151700,5.869595191533658,6.154051431440201,-69.47843713217132,-95.2566669720408,30.718234277104873,-4.295241082413714
2024-03-14,294.2699890136719,297.9100036621094,293.3599853515625,297.1400146484375,143800,3.2334444215275426,5.057298247194038,-72.38518731675443,-98.83765032215162,26.47569465422191,-4.50120885811931
2024-03-15,295.1000061035156,296.0199890136719,292.8299865722656,292.8299865722656,171800,2.9285623061108024,4.010533973057363,-68.96537932736437,-97.119995787475,20.771521239079473,-3.080663604952927
2024-03-18,290.0799865722656,295.8699951171875,289.70001220703125,294.0899963378906,181800,1.6863812895502601,2.6161293390628972,-72.73945431361787,-98.98321002172244,12.574310859961393,-3.190504474974243
2024-03-19,289.92999267578125,292.6300048828125,287.3299865722656,290.010009765625,207500,4.015759101899213,2.8769008991867877,-75.72879082754892,-91.84951688510475,16.59303042036723,-2.3969013330341626
2024-03-20,295.3800048828125,295.510009765625,288.0,290.9200134277344,144100,15.57133200412788,7.091157465192481,-63.6582128211461,-62.453277080789015,24.882144866142625,-0.050754203330938275
2024-03-21,293.9200134277344,296.67999267578125,292.8599853515625,296.1000061035156,115900,26.15025896824017,15.245783358089119,-55.891308205294685,-67.24642912938556,31.21775595290349,-1.5903839643912954
2024-03-22,307.1199951171875,308.2699890136719,295.25,297.510009765625,202600,54.93614733712743,32.21924610316519,-10.701068379448937,-5.491851778442991,40.48125433206625,2.7810306303303056
2024-03-25,310.1300048828125,311.67999267578125,304.1099853515625,306.5,167100,73.63208924639463,51.57283185058744,41.40011468568154,-6.3654513529874,48.28988957635683,2.800985286456359
2024-03-26,308.4200134277344,312.8500061035156,307.5400085449219,311.6099853515625,129300,90.26126822816916,72.94316827056377,117.60568569971088,-17.358892184061993,54.47772202244408,3.6287945997359516
2024-03-27,307.9700012207031,311.6400146484375,307.4700012207031,310.9700012207031,97400,85.7177983037476,83.2037185927705,118.14403078147708,-19.122261551707645,48.740512783843876,3.2243991688908347
2024-03-28,304.4200134277344,309.8399963378906,303.44000244140625,308.79998779296875,129600,76.82866162824064,84.2692427200525,85.25604156502946,-33.032861379508276,42.98925679161204,3.4492217327642294
2024-04-01,300.70001220703125,304.3699951171875,297.7799987792969,303.489990234375,191600,66.7450731847316,76.43051103890666,20.67332108933012,-47.60965751458912,35.61617259219611,1.8976638385941769
2024-04-02,300.0,301.9700012207031,297.739990234375,299.4100036621094,125900,56.33494371631742,66.63622617642993,7.1307731521827655,-50.35264995695016,35.506173086632224,3.4197510641648776
2024-04-03,296.5199890136719,298.3999938964844,293.489990234375,297.6600036621094,105400,46.01621544054333,56.36541078053082,-47.52237061059933,-63.98904620683058,36.298245537259064,2.272961233527848
2024-04-04,295.989990234375,299.5799865722656,295.0,297.6099853515625,89200,39.86415383143589,47.405104329432255,-36.27878406179879,-66.06584234191142,41.53640830753469,0.20650868084470808
2024-04-05,294.75,295.8299865722656,291.70001220703125,294.94000244140625,93800,33.006792308428146,39.62905386013583,-71.90746509410693,-70.9247345259734,43.149538448656045,0.28238518452221584
2024-04-08,297.0,300.7099914550781,295.0,295.5799865722656,88800,33.63376542619338,35.501570522019186,-20.57170873476289,-62.10812685353487,49.843334065970296,-3.295127402345144
2024-04-09,291.30999755859375,295.010009765625,290.760009765625,293.7300109863281,161000,26.762348347154028,31.134302027258567,-86.08498105326608,-86.68009357902945,51.02301346967478,-6.068425185537974
2024-04-10,290.55999755859375,292.0400085449219,289.0199890136719,289.5,146700,19.22475103009529,26.54028826781428,-99.26886240881302,-93.53752647714961,43.36252714504623,-5.79080963996047
2024-04-11,291.3900146484375,294.3900146484375,290.0,292.55999755859375,125200,9.909309100153315,18.63213615913426,-74.12152390273367,-90.0544526433608,43.60876723989427,-5.383636882341591
2024-04-12,285.6499938964844,290.9599914550781,284.70001220703125,289.0,118200,6.594244846661418,11.909434992303389,-122.86318055341596,-96.62528633950514,34.249302009012474,-6.165829677195578
2024-04-15,280.82000732421875,286.5799865722656,280.7699890136719,283.3399963378906,147100,4.49205945365481,6.998537800156562,-154.6570280056014,-99.84408265616945,24.965075866673686,-6.611241794405109
2024-04-16,274.9200134277344,279.989990234375,274.7799987792969,279.5799865722656,136700,1.3034953665690356,4.1299332222951355,-191.80760849349812,-99.62014490461812,17.32115619883699,-8.359995524088538
2024-04-17,280.1000061035156,283.0199890136719,276.260009765625,276.5400085449219,162800,5.236593945489429,3.677382921904473,-144.16816305820785,-84.82599060274397,25.381863476602206,-5.537563577003624
2024-04-18,284.8699951171875,285.4800109863281,279.5799865722656,279.8800048828125,119000,16.551071409279725,7.697053573779445,-100.85179241806239,-65.90065026479856,32.07806184713348,-3.756882152799257
2024-04-19,286.9800109863281,290.0,284.1099853515625,284.1099853515625,136300,31.38094576400655,17.722870372925282,-62.68637752987651,-55.13052184043764,40.960156633936634,-2.636128588183839
2024-04-22,289.17999267578125,290.4599914550781,286.8699951171875,288.25,149000,44.83431679783673,30.922111323707714,-42.960152997810745,-44.46587750125342,48.93258552101603,-2.632999099063549
2024-04-23,286.1000061035156,290.0,283.3999938964844,288.3800048828125,136800,48.01987938344504,41.41171398176282,-56.69107633339109,-56.34396250797365,48.182598970976635,-1.7884698426905876
2024-04-24,293.29998779296875,293.8500061035156,284.9700012207031,285.0299987792969,172700,56.871066628691246,49.90842093665771,-12.002877934268422,-28.57696010469898,50.44083271784115,0.9430032548862766
2024-04-25,287.2699890136719,294.1000061035156,286.44000244140625,291.2900085449219,213500,54.41573277908148,53.102226263739304,-18.92010890635103,-51.83187905008274,47.461582587298416,-1.4139213520190208
2024-04-26,283.20001220703125,318.0,281.5199890136719,315.0,403700,46.35763759619257,52.54814566798848,50.484768961631204,-80.5182480566404,54.69396523022094,-0.8576865891133045
2024-04-29,285.6300048828125,288.19000244140625,282.0199890136719,285.0,334400,30.91800158996058,43.897123988411586,-57.96597694195291,-74.89586812339495,51.01905656543798,1.7128400516849274
2024-04-30,278.4100036621094,283.8599853515625,277.3599853515625,283.8599853515625,247700,17.661594761125638,31.645744649092975,-118.67774171336306,-91.60109953658755,49.19273985873862,1.2694565924326051
2024-05-01,276.57000732421875,280.6199951171875,276.0,277.989990234375,286100,12.54821770146573,20.375938017517363,-131.16392352334398,-95.85837923562013,41.88393505198273,-1.2602637280887063
2024-05-02,278.9800109863281,281.6099853515625,277.5799865722656,277.5799865722656,132900,7.41942415784214,12.543078873477883,-98.99345545162666,-90.28224875426572,46.40278958963596,-2.067604251699584
2024-05-03,277.2799987792969,281.1400146484375,276.6400146484375,280.4800109863281,165100,6.547910313251125,8.838517390853047,-100.20230103028527,-94.2156410703606,46.14832496503175,-3.3800306069029173
2024-05-06,268.20001220703125,279.9700012207031,267.0799865722656,279.07000732421875,232700,5.900562870327483,6.6226324471402975,-164.02844814530891,-97.80042156439104,44.72041962354879,-7.2549903174913055
2024-05-07,273.2900085449219,273.3399963378906,264.6300048828125,269.25,250900,8.070096699921741,6.8395232945001645,-157.18280293722333,-83.77364726548295,38.143278940332074,-4.477454486302557
2024-05-08,281.6400146484375,281.82000732421875,275.04998779296875,277.0,251700,16.76593016511416,10.245529911787843,-43.31787347710868,-68.12814067478334,40.7162097462608,-3.9754427650237956
2024-05-09,284.5299987792969,287.44000244140625,282.3399963378906,283.05999755859375,174600,28.461689771664158,17.765905545566735,27.86710212234337,-62.713142744741056,41.421084767111914,-0.9538031604981234
2024-05-10,291.1600036621094,298.510009765625,283.6400146484375,284.3800048828125,492000,39.62276450285557,28.28346147987801,104.76566208969209,-50.290423071908734,47.33965752315419,2.8107313248486143
2024-05-13,283.82000732421875,291.8699951171875,282.6099853515625,290.92999267578125,207700,40.98432397773436,36.35625941741808,38.04721410485436,-64.04346225014696,46.39317444251036,-0.6336860720694726
2024-05-14,284.7799987792969,302.6099853515625,283.2200012207031,295.0,413300,41.14046664394663,40.58251837484557,81.31705383832528,-62.24471474610425,49.84960751327577,2.2879907450877424
2024-05-15,281.6000061035156,286.3500061035156,280.0400085449219,286.2699890136719,208200,35.169572612820254,39.09812107816713,-15.334454316572186,-68.20310516528784,49.9840299960787,1.8187072517231728
2024-05-16,282.2900085449219,284.3800048828125,280.6499938964844,282.67999267578125,142700,38.683456855749,38.331165370838676,-17.492808355053263,-53.501809521360705,42.02965867795469,1.186464057726333
2024-05-17,280.3299865722656,282.0400085449219,277.0,282.0,167800,39.87753481235574,37.910188093641715,-46.38842505176683,-58.662480876284015,44.1692524107231,1.099966750719883
2024-05-20,275.07000732421875,282.44000244140625,272.489990234375,279.9800109863281,219700,38.441293941692415,39.00076186993243,-78.1662620616618,-72.5118277772778,44.56926692927257,2.5615193156234284
2024-05-21,271.5899963378906,274.739990234375,269.010009765625,274.739990234375,168900,29.05037090366783,35.789733219238705,-123.41155885325168,-81.67457863543447,46.21337762010896,-0.6220542844147969
2024-05-22,267.07000732421875,275.29998779296875,266.4800109863281,271.1600036621094,175700,17.41267907726189,28.301447974207424,-134.53221776529213,-93.57555635550185,41.66231239797279,-5.173273173702264
2024-05-23,267.2799987792969,268.75,264.04998779296875,267.0,157700,11.042150015844982,19.168399998924947,-153.4634131773493,-91.62341496152854,41.839638997301535,-6.062629625700877
2024-05-24,260.75,269.010009765625,260.05999755859375,268.0,178800,5.474218835849867,11.309682642985626,-170.44653981857346,-98.37837217541981,42.59119699487641,-10.444430306231256
2024-05-28,259.510009765625,260.4700012207031,254.39999389648438,259.6300048828125,269800,6.865902783749109,7.794090545148033,-185.77446489246188,-89.40050451180412,42.50643941352059,-8.565286777272007
2024-05-29,255.8699951171875,263.7900085449219,255.6999969482422,257.2799987792969,203000,5.090095436867155,5.810072352155424,-150.59504250692748,-96.9508370021744,41.342855465267576,-10.15169737552899
2024-05-30,256.4100036621094,260.3500061035156,255.25999450683594,256.5400085449219,162000,5.9393129903876245,5.965103737001343,-134.96999132368137,-95.8307195148584,36.04407039144713,-8.945313173092206
2024-05-31,313.6700134277344,339.7699890136719,255.5,256.6099853515625,1823000,25.548556527531215,12.19265498492871,183.86368515395165,-30.572773900373345,56.40929960241288,11.116229385716592
2024-06-03,302.760009765625,305.20001220703125,282.8500061035156,283.010009765625,760200,43.414687558686126,24.967519025535037,124.9779364566762,-43.352443908709645,49.944299413731244,8.00129285761486
2024-06-04,298.4100036621094,304.989990234375,291.5199890136719,302.8500061035156,334300,59.20895468322289,42.72406625648012,117.84044975816839,-48.447918141248095,49.237054207205546,8.485111323089578
2024-06-05,301.9100036621094,306.20001220703125,296.2699890136719,300.0,191600,54.61717363670024,52.413605292869796,121.89414738855437,-44.348117039941314,53.3143583796975,11.163889588369447
2024-06-06,294.7799987792969,303.7699890136719,293.75,301.2799987792969,231100,51.50132051001564,55.10914960997963,88.30622502181275,-52.70000328876344,52.27482512826992,10.375553486033585
2024-06-07,291.5299987792969,294.67999267578125,288.9700012207031,292.5899963378906,110700,48.814972739010805,51.64448896190894,54.78342993827531,-56.506961454262594,52.80550246229665,9.072882411984784
2024-06-10,291.79998779296875,292.9599914550781,288.7900085449219,289.79998779296875,141300,44.867443768103016,48.394579005709865,51.93264816627556,-56.190703952664684,53.53382076019933,11.907953132490423
2024-06-11,285.7900085449219,293.4100036621094,284.1099853515625,290.1600036621094,196000,41.35723692394799,45.013217810353986,33.62102279253375,-63.230623821228534,53.14197999282661,10.12677653668601
2024-06-12,289.1400146484375,289.9700012207031,284.0,287.7799987792969,110500,40.424050298061985,42.216243663371046,34.21889842753818,-59.30652133192059,53.72553543866516,13.002704563312495
2024-06-13,286.30999755859375,289.1400146484375,282.7300109863281,289.1400146484375,130400,38.28044382100921,40.02057701433978,24.50655556891542,-62.621523383822996,53.90620409578173,11.661009114092845
2024-06-14,284.8699951171875,287.6400146484375,281.95001220703125,284.4599914550781,107300,37.92121791012898,38.87523734306677,17.385491647267106,-64.30830155386923,54.54309444292824,-9.181629444212724
2024-06-17,290.9200134277344,292.8500061035156,284.05999755859375,284.05999755859375,109000,38.42212999801281,38.20793057638371,37.04856013687194,-57.803785068269136,58.39153833467776,-3.9106869982783676
2024-06-18,295.55999755859375,296.07000732421875,289.0400085449219,289.0400085449219,112400,41.85819479623539,39.40051423479244,53.974115443296675,-52.31332898915526,57.78696390725212,-0.9550638613116669
2024-06-20,295.0400085449219,297.7900085449219,292.6400146484375,293.6199951171875,101900,45.60117150570957,41.96049876665264,57.821877591203396,-53.07937142544667,60.556272659423,-2.275510925062374
2024-06-21,297.239990234375,298.54998779296875,294.3999938964844,294.5,289500,52.552918456086225,46.67076158601045,62.33253674209514,-36.94854421713918,39.21209596259641,0.8345177641851942
2024-06-24,297.94000244140625,301.6000061035156,295.3399963378906,296.69000244140625,133700,58.63672947223077,52.26360647800891,67.69253172242047,-34.06189594072165,55.88957818952524,2.1987458199669074
2024-06-25,301.0299987792969,303.70001220703125,295.1700134277344,296.510009765625,116500,69.22330561372416,60.13765118068044,75.06989706251946,-21.319643000966494,51.21552419675886,3.1631293257204707
2024-06-26,303.5,303.510009765625,299.0199890136719,299.0199890136719,111600,81.12703773643324,69.66235760746278,87.89570006849618,-1.2373478490119538,49.217248033231584,6.196854657462381
2024-06-27,302.3599853515625,305.54998779296875,299.489990234375,302.3599853515625,134600,87.9753452231023,79.44189619108663,91.43927516623279,-13.516973480714423,58.96340192770116,4.572169202937548
2024-06-28,305.04998779296875,305.239990234375,299.2099914550781,303.82000732421875,328400,94.37567747024985,87.82602014326186,102.3808115506989,-2.118646259523822,68.52390012523588,6.545349584077953
2024-07-01,301.8999938964844,305.0199890136719,299.5799865722656,304.1700134277344,111800,89.63276280920623,90.66126183418618,90.46595146877311,-15.466091832142801,69.33867922239416,5.978165152946779
2024-07-02,300.9200134277344,302.3599853515625,298.2200012207031,301.1400146484375,76000,87.59890205571439,90.53578077839022,64.09351532078368,-19.61855574118998,73.31307081795381,3.4373709399281527
2024-07-03,296.44000244140625,302.5899963378906,295.9100036621094,302.3500061035156,43100,75.43789321595253,84.22318602695778,36.1259207179864,-38.6016727788094,75.76272901732102,0.2977415381247628
2024-07-05,295.07000732421875,296.3800048828125,293.07000732421875,294.80999755859375,111500,65.79100954666686,76.27593493944464,-4.2712922877101285,-44.406742839999794,76.35936696219306,0.010167698762209021
2024-07-08,292.54998779296875,298.0,292.54998779296875,296.8599853515625,112500,52.166101405259745,64.4650013892931,-8.71420571271125,-60.49328016541131,76.01391712544643,-1.5778504223836642
2024-07-09,289.5,294.6499938964844,288.75,291.45001220703125,101500,33.18808865088896,50.381733200938584,-54.282663650947335,-95.53571104192173,70.68105214502897,-2.832785920737879
2024-07-10,284.739990234375,290.04998779296875,281.2699890136719,289.4599914550781,116600,19.420870853954757,34.92502030336788,-119.05348338320081,-85.70839623080239,64.78624799827742,-5.411423649131086
2024-07-11,288.1300048828125,291.6300048828125,284.1499938964844,285.8800048828125,123600,15.669888753731238,22.759616086191713,-85.93996054267951,-71.74622646608188,65.1279115220321,-5.064248803027183
2024-07-12,288.2699890136719,289.80999755859375,286.1099853515625,287.5400085449219,85000,23.79189725580585,19.627552287830678,-85.30009364422077,-71.16968553569791,60.904811796101995,-4.660006952146056
2024-07-15,284.5799865722656,289.2300109863281,282.9100036621094,289.2300109863281,75000,23.572232689422364,21.01133956631988,-116.38004682099879,-86.36738992995285,55.04500050690986,-6.710376016994202
2024-07-16,287.32000732421875,291.25,283.2699890136719,286.4700012207031,98700,22.46020962610928,23.274779857112563,-98.69696595697238,-75.08229565602113,54.43034810861596,-4.829409363043846
2024-07-17,286.8500061035156,290.5799865722656,283.760009765625,289.3999938964844,109300,20.510754681645494,22.18106566572578,-97.74571718179507,-77.01805036908927,47.669435014518854,-4.675663530633745
2024-07-18,280.75,292.1099853515625,280.70001220703125,286.8800048828125,129700,16.034451131709815,19.668471813154927,-113.4325207685163,-99.79630057975989,39.49738811893168,-5.29280876811068
2024-07-19,279.2900085449219,281.4800109863281,277.760009765625,280.67999267578125,115300,9.599422689372203,15.381542834242572,-143.46840464661696,-94.38738098303396,21.641312032859577,-5.34788300661071
2024-07-22,275.260009765625,280.0,274.80999755859375,280.0,124300,2.4787442868507155,9.370872702644311,-146.88094515548335,-98.38008557665371,21.60903653630913,-5.910093573334718
2024-07-23,273.4700012207031,277.29998779296875,273.17999267578125,275.010009765625,143100,2.739540511850867,4.939235829357996,-145.1368923136963,-99.01391190475944,20.773293748811426,-5.5371325662510795
2024-07-24,271.8500061035156,275.6400146484375,268.7900085449219,273.1400146484375,200700,4.360620551668222,3.192968450123336,-148.405062179476,-89.52414086358189,18.917887174688612,-4.526931436729131
2024-07-25,270.5199890136719,274.989990234375,270.19000244140625,270.19000244140625,305400,5.7948371119432736,4.2983327251541885,-137.60712764276994,-94.07743589582856,17.0845191428451,-6.111829927710211
2024-07-26,290.9100036621094,295.1000061035156,262.0,262.0,358700,34.57993597567911,14.911797879763604,-42.51087238345628,-12.658615313551923,32.39927024791133,0.9158132129780228
2024-07-29,283.7099914550781,289.04998779296875,277.04998779296875,288.95001220703125,204600,52.95101158261125,31.10859489007795,-30.72687579617761,-34.41091404278546,40.33450394601231,-0.3057119819515397
2024-07-30,279.19000244140625,285.8399963378906,278.9800109863281,285.07000732421875,118700,68.28800106212206,51.939649540137545,-43.48219305675222,-48.06646745729615,40.32646485086367,-2.829599288447182
2024-07-31,280.2099914550781,285.6400146484375,279.44000244140625,282.3900146484375,132000,57.512562760017765,59.58385846825043,-31.614773833546856,-44.98493021986482,40.48141777383243,-2.3148037326662374
2024-08-01,277.0899963378906,281.4100036621094,276.1199951171875,281.4100036621094,131700,50.84590223989138,58.88215535401048,-66.6966373154031,-54.41089560316461,35.80046719484802,-1.3036522393978234
2024-08-02,279.1700134277344,282.1400146484375,276.2699890136719,276.7699890136719,116100,50.82577232046945,53.061412440126276,-47.36898764882465,-48.12685721556194,40.255696276878254,-0.04296434298264318
2024-08-05,267.9700012207031,273.80999755859375,267.4200134277344,272.010009765625,147000,38.49950043993852,46.723725000099854,-157.95501685987833,-81.9637458614576,35.19768461820866,-2.6484081545768645
2024-08-06,266.0899963378906,273.6099853515625,265.70001220703125,270.1600036621094,102700,27.421959682998235,38.91574414780214,-151.42616634511091,-87.64351787398549,35.40475463701211,-2.6986524481186103
2024-08-07,265.0899963378906,271.69000244140625,264.80999755859375,268.9599914550781,118800,13.242690303801874,26.388050142246282,-144.54599710768608,-90.66466535315102,35.6894860577085,-2.486668976954487
2024-08-08,269.5899963378906,270.5,264.0,265.45001220703125,77400,14.87410502531904,18.51291833737312,-118.17530177694414,-77.06950169690612,39.63259502713383,-0.3437796516154168
2024-08-09,271.239990234375,273.2900085449219,268.0,268.739990234375,88400,20.06040205134626,16.05906579348913,-76.65017387619403,-72.08462679590383,44.16525580163506,-6.76154590083502
2024-08-12,266.2699890136719,270.260009765625,265.29998779296875,270.260009765625,73300,21.248712683969696,18.727739920211736,-105.04698377818906,-87.0997334552807,45.61643999565439,-6.1471231069307075
2024-08-13,273.3599853515625,275.5799865722656,264.42999267578125,264.42999267578125,127300,25.045276952348544,22.118130562554907,-54.952441735856205,-65.67980889176957,53.150328561500956,-2.0881897771634184
2024-08-14,272.5799865722656,274.45001220703125,269.5799865722656,273.80999755859375,110100,26.394719138451645,24.229569591590035,-36.389625514785095,-68.03630023759452,64.19522605974454,-2.722959607254294
2024-08-15,280.6400146484375,284.3999938964844,275.4599914550781,277.20001220703125,101200,44.2370424754827,31.892346188761035,72.11716165603316,-33.57276344418753,58.43078276956386,1.2811788074145847
2024-08-16,282.2900085449219,282.8500061035156,278.6700134277344,279.70001220703125,104000,60.71213691036551,43.78129950810003,84.15554259376403,-16.254525587121133,55.62298689685839,1.1175967930363573
2024-08-19,280.6400146484375,283.42999267578125,280.25,282.8900146484375,76800,75.68912205513976,60.212767146996065,79.16209330674897,-23.105344803271752,62.43987321093821,4.728146199208028
2024-08-20,279.5799865722656,280.4599914550781,277.3299865722656,280.2900085449219,68500,79.00421188567525,71.80182361706024,45.72874521302375,-23.627493952581055,55.882880619905265,5.069709654640642
2024-08-21,282.3500061035156,283.17999267578125,279.95001220703125,281.7200012207031,75400,81.07273282270783,78.58868892117435,71.26105631084448,-10.048962776023348,63.743730695424425,6.511000039256465
2024-08-22,274.8800048828125,283.1300048828125,274.7699890136719,283.1300048828125,82600,73.2189721656665,77.76530562468326,17.910570000755133,-46.666626774395745,56.62194884551845,1.9622421517049293
2024-08-23,281.8599853515625,283.67999267578125,276.5,276.80999755859375,90700,76.94446148176837,77.0787221567143,57.936837075737394,-12.451026004275453,66.02898660627437,3.9153500588209322
2024-08-26,280.4800109863281,286.44000244140625,280.0199890136719,282.54998779296875,82900,71.44089113163625,73.86810825969043,79.48517715522587,-26.559673826419733,73.46199279450538,5.336696796095408
2024-08-27,279.6300048828125,279.6300048828125,277.8900146484375,279.3699951171875,59700,76.88057358928383,75.08864206756287,40.60631226685749,-30.347579401452982,76.75198635281777,2.2936859332891135
2024-08-28,273.5299987792969,277.7699890136719,267.4200134277344,277.2699890136719,137700,61.47919980384294,69.93355484158772,-32.94231897197907,-58.65514736059809,67.23209922600421,0.34852603046093833
2024-08-29,270.20001220703125,274.9800109863281,269.2300109863281,274.9800109863281,125400,45.737569000184045,61.36578079777032,-46.74516450143879,-73.78456623739643,58.78287378272926,-3.7200690908189338
2024-08-30,271.7200012207031,274.0,268.3399963378906,272.1099853515625,149600,33.56053967514473,46.92576949305729,-43.6766624352876,-66.87866737657095,55.57388792107788,-3.744378831791595
2024-09-03,280.07000732421875,281.19000244140625,269.4700012207031,269.4700012207031,135400,41.948570224322765,40.415559633217235,24.76080376124733,-33.491055713064,55.91530255546664,-0.2031097828058548
2024-09-04,280.80999755859375,282.239990234375,277.0299987792969,278.80999755859375,107900,56.676604510225786,44.06190480323115,60.47231120538271,-29.600463379687344,55.94317514382193,0.4399495834478184
2024-09-05,281.5299987792969,284.8800048828125,281.19000244140625,283.04998779296875,75000,70.36450503037575,56.32989325497482,88.69233555238239,-25.814965816121056,55.11446594273829,-0.2904222796149436
2024-09-06,284.3500061035156,286.94000244140625,280.3599853515625,280.44000244140625,71900,77.10537982475086,68.04882978845085,102.40652552845405,-13.268431329938666,54.04761148520667,3.4451400802107734
2024-09-09,274.4200134277344,284.8800048828125,273.75,284.70001220703125,134100,65.5924262583002,71.02077037114232,2.388178968523745,-64.13932407903931,46.29228306585349,-2.6395984923323845
2024-09-10,270.2200012207031,274.8500061035156,268.2200012207031,274.8500061035156,145900,45.64548414111666,62.78109674138929,-118.75231457026315,-85.65579216767166,43.97400784654619,-3.6580181701879377
2024-09-11,266.4599914550781,270.2099914550781,264.8999938964844,270.2099914550781,231400,19.09430328645912,43.444071228625376,-174.07851756649058,-92.9219738939113,35.259326861000446,-4.709799806087933
2024-09-12,269.7900085449219,270.0799865722656,263.5,267.2099914550781,151100,16.085579529219952,26.94178898559863,-149.4498614341156,-73.16549535075683,42.613695849685755,-1.3673053233889343
2024-09-13,269.3399963378906,273.1600036621094,267.1700134277344,269.8999938964844,85900,19.60906276830536,18.262981861328196,-100.35460366341687,-75.08534245041545,42.33234934885792,-0.3182886122453876
2024-09-16,271.8699951171875,273.9800109863281,270.6000061035156,270.8900146484375,117900,29.152442924930643,21.615695074152033,-59.615455442633746,-64.29183342403546,43.39197492809048,0.05520163985373028
2024-09-17,276.3699951171875,279.05999755859375,271.7099914550781,271.7099914550781,106400,38.50964697345671,29.090384222230952,-5.126673212204164,-45.093883205178614,48.304306742222,-1.3211026208700738
2024-09-18,274.6199951171875,277.6300048828125,272.7099914550781,275.8800048828125,84000,46.018176878683846,37.89342225902378,-13.123174648336317,-52.559752734734055,49.79021257798632,-2.204338340950507
2024-09-19,275.489990234375,277.7699890136719,274.2300109863281,277.7699890136719,133600,51.16606473440758,45.23129619551609,4.4968725149261966,-48.848169856864246,57.27689329375172,-2.145422715558243
2024-09-20,269.6000061035156,274.8399963378906,269.2799987792969,273.80999755859375,262500,41.5386638405794,46.24096848455699,-62.99757856547951,-73.97608588666314,53.79969576114802,-5.1872690991363495
2024-09-23,274.5799865722656,275.3399963378906,269.0199890136719,270.0,224200,41.481768873635765,44.72883248287429,-30.831329669814444,-52.730437635564954,55.874770709470724,0.058294999163166494
2024-09-24,276.3800048828125,278.2099914550781,274.4100036621094,277.2200012207031,119100,42.74743234880291,41.92262168767274,31.738254943297214,-45.0511794313628,56.09902825548414,2.2796253550003476
2024-09-25,270.7900085449219,276.44000244140625,270.7900085449219,276.44000244140625,105200,44.439699580687005,42.889633601041936,-29.015613637041515,-68.89928419101086,51.3792281034439,1.6250158480447752
2024-09-26,276.8999938964844,277.760009765625,270.0,273.8800048828125,144100,49.57496369457554,45.58736520802186,10.44193819015908,-37.32464529389934,53.054457259382204,2.6353775626863696
2024-09-27,283.5,284.94000244140625,278.3299865722656,279.260009765625,145200,62.35321399409861,52.122625756453765,131.41885053966308,-6.716428532793582,60.00570888808608,5.257297042636577
2024-09-30,289.1400146484375,296.3399963378906,284.0400085449219,285.4200134277344,184600,78.01149904888776,63.31322557918734,217.0270256442256,-21.92442902664341,67.85564116776729,6.3523080300957435
2024-10-01,288.1000061035156,289.7300109863281,286.4599914550781,288.8599853515625,118500,82.08927245659156,74.15132849985935,157.06522857218374,-25.091325070787963,71.28877963740602,4.244314214122391
2024-10-02,285.32000732421875,287.05999755859375,282.739990234375,287.05999755859375,118100,71.7352406122918,77.27867070592374,105.903630682472,-37.778524065692864,64.69888380386377,3.8962975738402683
2024-10-03,281.67999267578125,285.7099914550781,279.6400146484375,282.7300109863281,112900,61.15660991215625,71.66037432701326,72.33513123787863,-53.660321127050054,59.45298730338181,2.246906479665589
2024-10-04,280.4200134277344,284.70001220703125,280.32000732421875,282.5799865722656,97100,50.09630167297868,60.99605073247563,68.7133267366097,-58.272249788320664,54.07506730652996,4.013355741566382
2024-10-07,271.3299865722656,281.0,267.739990234375,281.0,146700,33.53995371789609,48.26428843434373,-37.56626402328648,-87.44756793094066,47.74260903843265,-1.1836259592592824
2024-10-08,271.70001220703125,279.6099853515625,270.3999938964844,279.6099853515625,124200,22.70880333314771,35.44835290800755,-32.90808514141815,-86.15377228129519,52.83087735421246,-1.6933181102466555
2024-10-09,270.19000244140625,273.7900085449219,269.94000244140625,271.739990234375,85500,11.655044735985532,22.6346005956765,-71.34810714751893,-91.43352557980718,47.466264391072315,-0.22157616033905425
2024-10-10,277.9599914550781,277.9800109863281,269.5,270.4200134277344,121500,19.382321505106585,17.915389858079994,-25.887043033449363,-64.2657376235775,57.44480698819328,0.3828088053299261
2024-10-11,273.739990234375,279.69000244140625,273.739990234375,277.6000061035156,108900,21.759917766170542,17.599094669087606,-22.721155988857017,-79.02098349810332,54.700940917746465,-3.4426842206790154
2024-10-14,275.42999267578125,276.489990234375,273.5299987792969,273.8800048828125,108900,27.86713118821113,23.003123486496136,-33.94048708512013,-73.11188531368542,48.187983344402944,-4.741655003831324
2024-10-15,277.239990234375,280.25,272.8900146484375,272.8900146484375,100300,27.02796910540465,25.55167268659549,-10.366672158486981,-66.78322387199692,54.06884038826598,-3.769529899016588
2024-10-16,287.5199890136719,289.1000061035156,276.010009765625,277.1199951171875,136400,43.088570315792715,32.66122353646955,87.0396872338724,-30.83917986693912,53.98778655322367,0.7710576310735906
2024-10-17,293.8999938964844,293.95001220703125,285.3500061035156,285.3500061035156,148900,64.61537367130286,44.91063769750013,149.79475310696816,-8.531475247154983,54.21310364732512,4.338256723390566
2024-10-18,298.80999755859375,302.79998779296875,292.07000732421875,294.260009765625,188300,83.08296045329924,63.59563481346498,191.36528872544912,-11.380463526007839,54.45814181738482,6.55801413960011
2024-10-21,294.7799987792969,300.1300048828125,294.7300109863281,296.0400085449219,145600,85.7376732211299,77.81200244857739,152.70403289259593,-22.875041563447148,53.45936273967834,8.642617243776552
2024-10-22,295.6099853515625,297.45001220703125,294.25,295.8399963378906,93100,81.74559514504108,83.5220762731568,127.22614389325933,-20.507709475421425,54.13242423162424,8.800136941588432
2024-10-23,301.510009765625,301.75,294.0,294.0,114600,84.31263488172756,83.93196774929957,136.72051274081613,-3.679344315948352,60.87543441382726,11.591845383328291
2024-10-24,301.8800048828125,303.3599853515625,297.9800109863281,303.0,160700,90.55267711761861,85.53696904812914,133.7227623990247,-4.154914855774009,67.85240126316273,8.605559851443644
2024-10-25,295.9599914550781,303.010009765625,282.75,297.20001220703125,341100,90.10368453101016,88.32299884345217,66.96855090241195,-21.85468723524683,60.69493870473496,8.11719223109435
2024-10-28,304.3299865722656,306.739990234375,296.70001220703125,296.70001220703125,171800,89.17295013176448,89.9431039267978,120.36300934035965,-6.471547513685384,61.8955122826908,10.492682229601492
2024-10-29,298.7799987792969,303.2300109863281,296.8500061035156,301.2900085449219,135400,83.43297228520574,87.56986898266018,88.45550757461642,-21.374848395450226,60.119898047651475,7.769444994826413
2024-10-30,299.4700012207031,301.5199890136719,297.19000244140625,298.4700012207031,104500,83.55883872738154,85.38825371478397,77.59757548264244,-21.477087908719472,54.793293052070766,4.156237014346509
2024-10-31,291.07000732421875,299.70001220703125,291.05999755859375,298.3999938964844,109000,70.28520467652841,79.09233856303861,38.70909960364364,-46.29244966624474,49.651550736479145,-0.9629080064773254
2024-11-01,294.94000244140625,297.6000061035156,291.82000732421875,292.739990234375,81100,65.79026610265443,73.21143650218818,40.31311633142764,-34.859664117072185,54.14198869798722,-1.2951357547628994
2024-11-04,296.6499938964844,304.05999755859375,294.92999267578125,294.92999267578125,138600,62.00450448371032,66.02665842096444,60.251687667523996,-32.834372765551755,55.16062496743859,0.6343697418180527
2024-11-05,300.07000732421875,301.75,294.6199951171875,295.1600036621094,88400,68.16759056071525,65.32078704902672,58.61984067309856,-27.803191435229945,54.23857402095006,1.5087521375003687
2024-11-06,300.0799865722656,306.010009765625,298.57000732421875,305.0,114800,70.53361397114055,66.90190300518874,77.28994240607486,-27.76159388579628,53.564307708545336,-0.4742871370907342
2024-11-07,307.2200012207031,309.260009765625,299.5799865722656,299.5799865722656,122200,78.91332530864094,72.53817661349895,110.66945082529523,-7.695238753050607,52.04281520789061,1.7689135588703664
2024-11-08,308.3500061035156,309.5299987792969,304.3500061035156,304.3500061035156,89300,86.71230705719228,78.71974877899129,130.666891104292,-4.406246189575933,58.4358938342421,4.186381607703926
2024-11-11,313.2699890136719,315.4800109863281,308.04998779296875,308.04998779296875,81400,93.71541169920522,86.44701468834619,184.5651778046296,-6.752279959757463,63.236241860301625,2.937601562731107
2024-11-12,317.3900146484375,318.6499938964844,310.3999938964844,314.07000732421875,123300,95.11059391841013,91.84610422493591,215.15035213187159,-3.509692095435879,63.53980830119536,6.228668567231477
2024-11-13,323.55999755859375,329.54998779296875,319.4200134277344,319.6400146484375,158400,92.31296672464447,93.71299078075332,258.4682806881834,-12.79912777087292,63.731999107622585,8.04421018455761
2024-11-14,320.82000732421875,325.6600036621094,319.6199951171875,324.8699951171875,114600,87.00333640750803,91.47563235018758,184.7244484703632,-22.681170911166788,71.8138897657033,10.220908802486782
2024-11-15,318.1700134277344,321.0899963378906,313.0199890136719,319.7099914550781,176500,78.31787978240034,85.87806097151764,117.52804067501805,-29.566061970758938,60.91450832667207,7.8761818654772275
2024-11-18,310.69000244140625,317.739990234375,309.2200012207031,317.739990234375,157200,66.25101751715233,77.19074456902025,66.00779058235568,-48.99971456661698,59.895863447377536,4.732853137971449
2024-11-19,311.79998779296875,313.1199951171875,307.1499938964844,307.1499938964844,129600,58.43944583637256,67.66944771197511,44.199543519288994,-46.11588595350607,58.863868205631256,3.9090812751825688
2024-11-20,309.07000732421875,311.5899963378906,307.6199951171875,311.5899963378906,108900,50.201336560976074,58.297266638167024,29.22092930502382,-54.2803897969484,58.67732207426892,2.9958748181255768
2024-11-21,307.17999267578125,310.79998779296875,305.1000061035156,307.07000732421875,124300,45.18711811487296,51.275966837407225,11.597374455247495,-64.04236990492632,52.659822753655995,-0.013022766995285373
2024-11-22,312.79998779296875,313.82000732421875,305.0,308.30999755859375,114900,44.57472709604743,46.65439392396552,31.520337858122936,-47.953059009982645,52.15227290772951,1.4431592675108407
2024-11-25,315.30999755859375,320.0299987792969,315.17999267578125,315.8699951171875,119400,47.34647827654447,45.70277449582165,82.34513668463573,-45.96513625545731,53.15849151937419,0.6511982048918341
2024-11-26,312.30999755859375,314.8599853515625,311.4700012207031,314.010009765625,86000,49.51921626823681,47.146807213609605,40.961924939522646,-57.524155929849286,47.45524164160963,-1.6005598334499327
2024-11-27,313.67999267578125,315.9599914550781,311.2200012207031,312.19000244140625,68800,44.51149698521885,47.125730510000075,43.41594437144315,-62.97621685903653,45.86316602196195,-3.0535310166156515
2024-11-29,316.239990234375,317.1400146484375,311.7900085449219,312.1199951171875,46500,41.76124141694838,45.263984890134715,52.85629829693839,-54.21590296026871,44.495110426969944,-1.4275970903570245
2024-12-02,314.9200134277344,317.8399963378906,313.8599853515625,316.239990234375,89500,41.07176231451409,42.44816690556048,52.61014431484402,-59.59259323715216,44.802629858555804,-1.0214664685043173
2024-12-03,313.0199890136719,314.4100036621094,310.67999267578125,313.4800109863281,94200,39.6198332450746,40.81761232551239,8.831724989157264,-67.332004067355,37.86847203171399,0.749939345957884
2024-12-04,315.1499938964844,315.5799865722656,311.739990234375,311.739990234375,77300,40.734705218176714,40.47543359258851,22.27594271406936,-50.871287040962386,34.312528758111014,1.0744086705160472
2024-12-05,316.0899963378906,318.1099853515625,312.75,315.1400146484375,105400,50.2404999433676,43.531679468873016,40.41537182410723,-31.075209061579518,41.668064807605795,2.2713265109246983
2024-12-06,314.80999755859375,319.92999267578125,313.05999755859375,318.8900146484375,71900,61.10765134426231,50.69428550193558,39.0245225411935,-34.73054986467088,50.062360490718085,2.483887318424971
2024-12-09,322.4700012207031,323.8800048828125,314.1400146484375,314.8500061035156,80000,75.57533442315422,62.307828570261414,117.03012069025155,-7.468237804286684,59.12746010931161,3.09143663846132
2024-12-10,316.5,323.9800109863281,315.4200134277344,323.9800109863281,89700,72.79709069864599,69.8266921553542,76.16526789098904,-39.4099402351042,60.85133912555033,0.3774071392027789
2024-12-11,315.07000732421875,320.4800109863281,314.9200134277344,317.25,63700,68.72589270012621,72.36610594064217,35.397435003544295,-46.94414386023022,62.975111066052534,0.883740446095449
2024-12-12,319.1000061035156,321.3699951171875,314.0,316.4800109863281,73800,62.64487667829155,68.05595335902127,76.11806834033302,-25.71128586979067,71.77557880963931,1.7278798630094627
2024-12-13,315.010009765625,318.2900085449219,311.7200012207031,317.7099914550781,79500,53.3003483069734,61.55703922846374,13.639966339701823,-67.44352534905866,64.02458377042292,-0.3889389409095334
2024-12-16,307.5,316.82000732421875,307.07000732421875,314.44000244140625,99200,36.462672985516576,50.80263265692721,-91.90680451398543,-97.45716982460067,54.631087430150316,-2.3561581072512827
2024-12-17,307.79998779296875,309.92999267578125,304.9100036621094,305.1300048828125,97500,16.75130300871548,35.50477476706852,-143.90704920096343,-84.84539580019396,54.16120238850654,-1.6676255203865398
2024-12-18,302.989990234375,307.5199890136719,300.260009765625,306.010009765625,97700,9.735542105193346,20.9831726998085,-198.6670087827929,-88.49080805962507,47.06883424872374,-3.85848132559492
2024-12-19,308.5899963378906,310.5299987792969,299.9100036621094,303.44000244140625,93000,20.908414022301013,15.798419712069977,-133.11468696852583,-63.938554073277665,48.99762724517223,-2.3727419680763084
2024-12-20,302.7699890136719,310.4700012207031,302.739990234375,308.0,302900,19.81752806524443,16.82049473091296,-144.31453635046728,-88.1180536713637,35.54888989687475,-3.8245318250037297
2024-12-23,295.3399963378906,303.0,292.29998779296875,303.0,124700,19.179790599525866,19.968577562357133,-231.127035164265,-90.40402045678077,34.953457126226326,-8.41318720504619
